epoch,accuracy,loss,val_accuracy,val_loss
0,0.9202187657356262,0.2304295301437378,0.9757916927337646,0.09778684377670288
1,0.9809271097183228,0.08054971694946289,0.9774374961853027,0.08206265419721603
2,0.9848333597183228,0.0628923624753952,0.9781458377838135,0.07537518441677094
3,0.9868229031562805,0.053851157426834106,0.9774791598320007,0.07473056018352509
4,0.9879010319709778,0.048005361109972,0.9780625104904175,0.07312925904989243
5,0.9887291789054871,0.04398902878165245,0.9772499799728394,0.07544227689504623
6,0.9892500042915344,0.04066741093993187,0.976229190826416,0.07711721956729889
7,0.9899583458900452,0.038091760128736496,0.9758541584014893,0.08028888702392578
